{"cameraMode":{"drawMode":0,"name":"Shaded","section":"Shading Mode"},"sceneLighting":true,"audioPlay":false,"sceneViewState":{"m_AlwaysRefresh":false,"showFog":true,"showSkybox":true,"showFlares":true,"showImageEffects":true,"showParticleSystems":true,"showVisualEffectGraphs":true,"m_FxEnabled":true},"in2DMode":false,"pivot":{"x":0.9667016267776489,"y":3.937340259552002,"z":-2.265519618988037},"rotation":{"x":0.5019904375076294,"y":0.0012973335105925799,"z":-0.0007529821596108377,"w":0.864874541759491},"size":9.547391891479493,"orthographic":false}